zzz28px-MK1COCKPIT.png Mk1 Cockpit
zzz40px-Mk1_Inline_Cockpit.png Mk1 Inline Cockpit
zzz36px-Mk2_Cockpit.png Mk2 Cockpit
zzz60px-Mk2_InlineCockpit.png Mk2 Inline Cockpit
zzz49px-Mk3_Cockpit.png Mk3 Cockpit
zzz60px-Mk1CommandPod_Dark.webp Mk1 Command Pod
zzz60px-Mk1-3CommandPod.png Mk1-3 Command Pod
zzz60px-LanderCanMK1.webp Mk1 Lander Can
zzz60px-Mk2canN.webp Mk2 Lander Can
zzz60px-Cupola.PNG PPD-12 Cupola Module
zzz60px-Commandseat.png EAS-1 External Command Seat
zzz60px-RoveMate_White.webp Probodobodyne RoveMate
zzz60px-QBE.webp Probodobodyne QBE
zzz60px-HECS.webp Probodobodyne HECS
zzz60px-OKTO.webp Probodobodyne OKTO
zzz60px-OKTO2.webp Probodobodyne OKTO2
zzz60px-Stayputnik.webp Probodobodyne Stayputnik
zzz60px-HECS2.webp Probodobodyne HECS2
zzz60px-Probestack.png RC-001S Remote Guidance Unit
zzz60px-Probehuge.png RC-L01 Remote Guidance Unit
zzz60px-MK2_Drone_Core.png MK2 Drone Core
zzz60px-R-4_FT.png R-4 'Dumpling' External Tank
zzz40px-R-11_FT.png R-11 'Baguette' External Tank
zzz60px-R-12_FT.png R-12 'Doughnut' External Tank
zzz60px-Oscar-B_FT.png Oscar-B Fuel Tank
zzz60px-FL-T100_Dark.webp FL-T100 Fuel Tank
zzz60px-FL-T200_Dark.webp FL-T200 Fuel Tank
zzz60px-FL-T400_Dark.webp FL-T400 Fuel Tank
zzz30px-FL-T800_Dark.webp FL-T800 Fuel Tank
zzz60px-X200-8_White.png Rockomax X200-8 Fuel Tank
zzz60px-X200-16_White.png Rockomax X200-16 Fuel Tank
zzz30px-X200-32_White.png Rockomax X200-32 Fuel Tank
zzz30px-Jumbo-64_White.png Rockomax Jumbo-64 Fuel Tank
zzz60px-Kerbodyne_S3-3600_Tank.png Kerbodyne S3-3600 Tank
zzz49px-Kerbodyne_S3-7200_Tank.png Kerbodyne S3-7200 Tank
zzz32px-Kerbodyne_S3-14400_Tank.png Kerbodyne S3-14400 Tank
zzz60px-Mk2_LF+O_Fuselage_Short.webp Mk2 Rocket Fuel Fuselage Short
zzz42px-Mk2_LF+O_Fuselage.png Mk2 Rocket Fuel Fuselage
zzz60px-Mk3_Rocket_Fuel_Fuselage_Short.png Mk3 Rocket Fuel Fuselage Short
zzz47px-Mk3_Rocket_Fuel_Fuselage.png Mk3 Rocket Fuel Fuselage
zzz26px-Mk3_Rocket_Fuel_Fuselage_Long.png Mk3 Rocket Fuel Fuselage Long
zzz48px-C7_Brand_Adapter_-_2.5m_to_1.25m.png C7 Brand Adapter - 2.5m to 1.25m
zzz53px-C7_Brand_Adapter_Slanted_-_2.5m_to_1.25m.png C7 Brand Adapter Slanted - 2.5m to 1.25m
zzz60px-Mk2_to_1.25m_Adapter.png Mk2 to 1.25m Adapter
zzz37px-Mk2_to_1.25m_Adapter_Long.png Mk2 to 1.25m Adapter Long
zzz60px-Mk2_Bicoupler.png Mk2 Bicoupler
zzz37px-2.5m_to_Mk2_Adapter.png 2.5m to Mk2 Adapter
zzz47px-Mk3_to_Mk2_Adapter.png Mk3 to Mk2 Adapter
zzz47px-Mk3_to_2.5m_Adapter.png Mk3 to 2.5m Adapter
zzz49px-Mk3_to_2.5m_Adapter_Slanted.png Mk3 to 2.5m Adapter Slanted
zzz60px-Mk3_to_3.webp Mk3 to 3.75m Adapter
zzz60px-ADTP-2-3_Gray.webp Kerbodyne ADTP-2-3
zzz60px-Mk0LiquidFuelFuselage.png Mk0 Liquid Fuel Fuselage
zzz60px-Mk1_Liquid_Fuel_Fuselage.png Mk1 Liquid Fuel Fuselage
zzz60px-Mk2_Liquid_Fuselage_Short.png Mk2 Liquid Fuel Fuselage Short
zzz60px-Mk2_FT.png Mk2 Liquid Fuel Fuselage
zzz37px-Mk3_Liquid_Fuel_Fuselage_Short.png Mk3 Liquid Fuel Fuselage Short
zzz60px-Mk3_Liquid_Fuel_Fuselage.png Mk3 Liquid Fuel Fuselage
zzz60px-Mk3_Liquid_Fuel_Fuselage_Long.png Mk3 Liquid Fuel Fuselage Long
zzz35px-NCS_Adapter.png NCS Adapter
zzz60px-FL-R10.png FL-R10 RCS Fuel Tank
zzz60px-FL-R25_FT.png FL-R25 RCS Fuel Tank
zzz60px-FL-R1_Yellow.png FL-R1 RCS Fuel Tank
zzz60px-Mk2_Monopropellant_Tank.png Mk2 Monopropellant Tank
zzz60px-Mk3_Monopropellant_Tank.png Mk3 Monopropellant Tank
zzz60px-Stratus-v_roundified_monopropellant_tank.png Stratus-V Roundified Monopropellant Tank
zzz30px-Stratus-V_Cylindrified.png Stratus-V Cylindrified Monopropellant Tank
zzz40px-PB-X50R.png PB-X50R Xenon Container
zzz60px-Pb-x150_xenon_container.png PB-X150 Xenon Container
zzz60px-PB-X750_Xenon_Container.png PB-X750 Xenon Container
zzz29px-RadialHoldingTank.png Radial Holding Tank
zzz41px-Small_Holding_Tank.png Small Holding Tank
zzz60px-Large_Holding_Tank.png Large Holding Tank
zzz60px-LV-1R_Liquid_Fuel_Engine_HD.png LV-1R "Spider" Liquid Fuel Engine
zzz38px-Rockomax_24_77_Transparent.png 24-77 "Twitch" Liquid Fuel Engine
zzz35px-Mk-55_Radial_mount_engine.png Mk-55 "Thud" Liquid Fuel Engine
zzz33px-O-10_MonoPropellant_Engine.png O-10 "Puff" MonoPropellant Fuel Engine
zzz60px-LV-1_Liquid_Fuel_Engine_HD.webp LV-1 "Ant" Liquid Fuel Engine
zzz60px-48-7S_Shroud.png 48-7S "Spark" Liquid Fuel Engine
zzz60px-LV-909_Shroud.webp LV-909 "Terrier" Liquid Fuel Engine
zzz60px-LV-T30_Liquid_Fuel_Engine_recent.png LV-T30 "Reliant" Liquid Fuel Engine
zzz60px-LV-T45_LFE.png LV-T45 "Swivel" Liquid Fuel Engine
zzz34px-KS-25_LFE.png S3 KS-25 "Vector" Liquid Fuel Engine
zzz60px-ToroidalAerospikeLiquidFuelEngine.png T-1 Toroidal Aerospike "Dart" Liquid Fuel Engine
zzz25px-LV-N_Atomic.png LV-N "Nerv" Atomic Rocket Motor
zzz60px-RE-L10.webp RE-L10 "Poodle" Liquid Fuel Engine
zzz55px-Skipper.png RE-I5 "Skipper" Liquid Fuel Engine
zzz47px-Rockomax_Mainsail_transparent.png RE-M3 "Mainsail" Liquid Engine
zzz19px-LFB_KR-1x2.png LFB KR-1x2 "Twin-Boar" Liquid Fuel Engine
zzz53px-Big1.webp Kerbodyne KR-2L+ "Rhino" Liquid Fuel Engine
zzz53px-Quad.webp S3 KS-25x4 "Mammoth" Liquid Fuel Engine
zzz51px-Rapier_Engine_01.webp CR-7 R.A.P.I.E.R. Engine
zzz60px-J90JunoBasicJetEngine.png J-20 "Juno" Basic Jet Engine
zzz50px-J33WheesleyBasicJetEngine.png J-33 "Wheesley" Turbofan Engine
zzz50px-J404PantherAfterburningTurbofan.png J-404 "Panther" Afterburning Turbofan
zzz32px-JX4WhiplashTurboRamjetEngine.png J-X4 "Whiplash" Turbo Ramjet Engine
zzz25px-J-90_Goliath_Turbofan_Engine.png J-90 "Goliath" Turbofan Engine
zzz51px-Rapier_Engine_01.webp CR-7 R.A.P.I.E.R. Engine
zzz60px-RT-5_White.webp RT-5 "Flea" Solid Fuel Booster
zzz60px-RT-10_White.webp RT-10 "Hammer" Solid Fuel Booster
zzz30px-BACC_SFB.png BACC "Thumper" Solid Fuel Booster
zzz5px-SRB.png S1 SRB-KD25k "Kickback" Solid Fuel Booster
zzz60px-Sepratron.png Sepratron I
zzz60px-Inline_reaction_wheel.png Small Inline Reaction Wheel
zzz </td> <td data-sort-value="3"> Small </td> <td data-sort-value="1200"> <span style="white-space:nowrap;">1 200</span> </td> <td data-sort-value="0.1"> <span style="white-space:nowrap;">0.1</span> </td> <td data-sort-value="2000"> <span style="white-space:nowrap;">2 000</span> </td> <td> 9 </td> <td> 50 </td> <td> 15 </td> <td data-sort-value="0.45"> <span style="white-space:nowrap;">0.45</span><br>(27&nbsp;⚡/min) </td></tr> <tr> 60px-ASAS_large.png
zzz60px-RV-105_RCS.webp RV-105 RCS Thruster Block
zzz60px-LinearRCS.png Place-Anywhere 7 Linear RCS Port
zzz36px-VR-N1ER_Veer-Governor.webp Vernor Engine
zzz60px-FL-A10_White.webp FL-A10 Adapter
zzz60px-RockomaxBrandAdapter_Gray.webp Rockomax Brand Adapter
zzz60px-FL-A5_White.webp FL-A5 Adapter
zzz60px-RockomaxBrandAdapter02_Gray.webp Rockomax Brand Adapter 02
zzz60px-Radial_attachment_point.png BZ-52 Radial Attachment Point
zzz60px-Rockomax_Hubmax_Multi-Point_Connector_big.png Rockomax HubMax Multi-Point Connector
zzz60px-Mk1_Structural_Fuselage.png Structural Fuselage
zzz60px-TVR-200_Dark.webp TVR-200 Stack Bi-Coupler
zzz60px-TVR-1180C_Dark.webp TVR-1180C Mk1 Stack Tri-Coupler
zzz60px-TVR-2160C_Dark.webp TVR-2160C Mk2 Stack Quad-Coupler
zzz60px-TVR-200L_Dark.webp TVR-200L Stack Bi-Adapter
zzz60px-TVR-300L_Dark.webp TVR-300L Stack Tri-Adapter
zzz60px-TVR-400L_Dark.webp TVR-400L Stack Quad-Adapter
zzz55px-Mk3EngineMount.png Mk3 Engine Mount
zzz60px-Strut_connector.png EAS-4 Strut Connector
zzz55px-Cubic_Octagonal_Strut.png Cubic Octagonal Strut
zzz60px-Octagonal_Strut.webp Octagonal Strut
zzz54px-Modular_Girder_Adapter.png Modular Girder Adapter
zzz41px-Modular_Girder_Segment.png Modular Girder Segment
zzz17px-Modular_Girder_Segment_XL.png Modular Girder Segment XL
zzz36px-M-Beam_650_I-Beam.png M-Beam 650 I-Beam
zzz20px-M-Beam_200_I-Beam.png M-Beam 200 I-Beam
zzz23px-M-Beam_200_I-Beam_Pocket_Edition.png M-Beam 200 I-Beam Pocket Edition
zzz60px-Micronode.png The Not-Rockomax Micronode
zzz60px-M-1x1_Structural_Panel.png M-1x1 Structural Panel
zzz60px-M-2x2_Structural_Panel.png M-2x2 Structural Panel
zzz17px-Small_hardpoint.png Small Hardpoint
zzz17px-Structural_Pylon.png Structural Pylon
zzz18px-TT-38K.png TT-38K Radial Decoupler
zzz37px-TT-70.png TT-70 Radial Decoupler
zzz24px-TT38K_flat.png Hydraulic Detachment Manifold
zzz60px-TD-06.png TD-06 Decoupler
zzz60px-TD-12.webp TD-12 Decoupler
zzz60px-TD-25.png TD-25 Decoupler
zzz60px-TD-37.png TD-37 Decoupler
zzz60px-TS-06.png TS-06 Stack Separator
zzz60px-TS-12.png TS-12 Stack Separator
zzz60px-TS-25.png TS-25 Stack Separator
zzz60px-TS-37.png TS-37 Stack Separator
zzz60px-Clamp-o-tron_jr.png Clamp-O-Tron Docking Port Jr.
zzz60px-Clamp-o-tron_docking_port.webp Clamp-O-Tron Docking Port
zzz60px-Clamp-O-Tron_Shielded_Docking_Port.png Clamp-O-Tron Shielded Docking Port
zzz60px-Clamp_o_tron_Sr.PNG Clamp-O-Tron Docking Port Sr.
zzz53px-Inline_Clamp-O-Tron.png Inline Clamp-O-Tron
zzz60px-Mk2_Clamp-O-Tron.webp Mk2 Clamp-O-Tron
zzz54px-AGU_Advanced_Grabbing_Unit.png Advanced Grabbing Unit
zzz60px-AE-FF1_Airstream_Protective_Shell_(1.25m).png AE-FF1 Airstream Protective Shell (1.25m)
zzz60px-AE-FF2_Airstream_Protective_Shlell_(2.5m).png AE-FF2 Airstream Protective Shell (2.5m)
zzz60px-AE-FF3_Airstream_Protective_Shell_(3.75m).png AE-FF3 Airstream Protective Shell (3.75m)
zzz60px-Mk2_Cargo_Bay_CRG-04.png Mk2 Cargo Bay CRG-04
zzz38px-Mk2_Cargo_Bay_CRG-08.png Mk2 Cargo Bay CRG-08
zzz59px-Mk3_Cargo_Bay_CRG-25.png Mk3 Cargo Bay CRG-25
zzz42px-Mk3_Cargo_Bay_CRG-50.png Mk3 Cargo Bay CRG-50
zzz26px-Mk3_Cargo_Bay_CRG-100.png Mk3 Cargo Bay CRG-100
zzz60px-Mk3CargoRamp.webp Mk3 Cargo Ramp
zzz60px-ServiceBaySmall.png Service Bay (1.25m)
zzz60px-ServiceBayLarge.png Service Bay (2.5m)
zzz60px-SmallCircularIntake.png Small Circular Intake
zzz60px-Circular_Intake.png Circular Intake
zzz37px-RamIntakePJ.png Adjustable Ramp Intake
zzz59px-Shock_Cone_Intake.png Shock Cone Intake
zzz47px-Mk1_Driverterless_Supersonic_Intake.png Mk1 Diverterless Supersonic Intake
zzz36px-Engine_Nacelle.png Engine Nacelle
zzz37px-Engine_Pre-cooler.png Engine Pre-cooler
zzz60px-XMG50RadialAirIntake.png XM-G50 Radial Air Intake
zzz60px-Structural_Intake.png Adjustable Ramp Intake (Radial)
zzz60px-Small_Nosecone_1.webp Small Nose Cone
zzz60px-AerodynamicNoseCone_Gray.webp Aerodynamic Nose Cone
zzz60px-AdvancedNoseCone-A_White.webp Advanced Nose Cone - Type A
zzz60px-AdvancedNoseCone-B_White.webp Advanced Nose Cone - Type B
zzz60px-ProtectiveNoseCone_White.webp Protective Rocket Nose Mk7
zzz20px-Tail_connector.png Tail Connector A
zzz23px-Tail_Connector_B.png Tail Connector B
zzz36px-Wing_Connector_Type_A.png Wing Connector Type A
zzz60px-Wing_Connector_Type_B.png Wing Connector Type B
zzz56px-Wing_Connector_Type_C.png Wing Connector Type C
zzz37px-Wing_Connector_Type_D.png Wing Connector Type D
zzz60px-Wing_Connector_Type_E.png Wing Connector Type E
zzz59px-Delta_wing.png Delta Wing
zzz52px-Small_Delta_Wing.png Small Delta Wing
zzz20px-Wing_Strake.png Wing Strake
zzz27px-Structural_Wing_Type_A.webp Structural Wing Type A
zzz60px-Structural_Wing_Type_B.png Structural Wing Type B
zzz60px-Structural_Wing_Type_C.png Structural Wing Type C
zzz29px-Structural_Wing_Type_D.png Structural Wing Type D
zzz56px-Swept_Wing_Type_A.png Swept Wing Type A
zzz60px-Swept_Wing_Type_B.png Swept Wing Type B
zzz36px-BasicFin.png Basic Fin
zzz48px-AVT1_Winglet.png AV-T1 Winglet
zzz60px-FAT455AirplaneWing.png FAT-455 Aeroplane Main Wing
zzz14px-BigSWingStrake.png Big-S Wing Strake
zzz55px-BigSDeltaWing.png Big-S Delta Wing
zzz54px-Av-r8_winglet.png AV-R8 Winglet
zzz47px-Standard_canard.png Standard Canard
zzz60px-Advanced_canard.png Advanced Canard
zzz46px-Delta-deluxe_winglet.png Delta-Deluxe Winglet
zzz42px-Tail_fin.png Tail Fin
zzz47px-FAT455TailFin.png FAT-455 Aeroplane Tail Fin
zzz44px-BigSTailFin.png Big-S Spaceplane Tail Fin
zzz60px-BigSElevon1.png Big-S Elevon 1
zzz60px-BigSElevon2.png Big-S Elevon 2
zzz60px-FAT445ContolSurface.png FAT-455 Aeroplane Control Surface
zzz20px-Airbrake.png A.I.R.B.R.A.K.E.S
zzz53px-LY-01_Fixed_Landing_Gear.png LY-01 Fixed Landing Gear
zzz42px-LY-05_Steerable_Landing_Gear.png LY-05 Steerable Landing Gear
zzz38px-LY-10_Small_Landing_Gear.png LY-10 Small Landing Gear
zzz39px-LY-50_Medium_Landing_Gear.png LY-35 Medium Landing Gear
zzz41px-LY-99_Large_Landing_Gear.png LY-60 Large Landing Gear
zzz46px-LY-99_Extra_Large_Landing_Gear.png LY-99 Extra Large Landing Gear
zzz37px-LT2(1).png LT-1 Landing Struts
zzz22px-LT2.png LT-2 Landing Strut
zzz42px-LT5.png LT-05 Micro Landing Strut
zzz45px-RoveMax_Model_S2.png RoveMax Model S2
zzz60px-RoveMax_Model_M1.png RoveMax Model M1
zzz </td> <td data-sort-value="1"> Radial mounted </td> <td> 760 </td> <td data-sort-value="0.105"> <span style="white-space:nowrap;">0.105</span> </td> <td data-sort-value="1200"> <span style="white-space:nowrap;">1 200</span> </td> <td> 100 </td> <td> 80 </td> <td data-sort-value="3.5"> <span style="white-space:nowrap;">3.5</span> </td> <td> 58 </td> <td> 3 </td></tr> <tr> 45px-RoveMax_Model_XL3.png
zzz60px-HeatShieldSmall.png Heat Shield (0.625m)
zzz60px-HeatShieldSmall.png Heat Shield (1.25m)
zzz60px-HeatShieldLarge.webp Heat Shield (2.5m)
zzz60px-HeatShieldHuge.png Heat Shield (3.75m)
zzz60px-Heat_Shield_(10m).png Heat Shield (10m)
zzz23px-RadiatorPanelEdge.webp Radiator Panel (edge)
zzz41px-Radiator_Panel_(small).png Radiator Panel (small)
zzz28px-Radiator_Panel_(large).png Radiator Panel (large)
zzz47px-Thermal_Control_System_(small).png Thermal Control System (small)
zzz30px-Thermal_Control_System_(medium).png Thermal Control System (medium)
zzz18px-Thermal_Control_System_(large).png Thermal Control System (large)
zzz27px-Gigantor_XL.png Gigantor XL Solar Array
zzz52px-OX-4W.png OX-4W 3x2 Photovoltaic Panels
zzz52px-OX-4L.webp OX-4L 1x6 Photovoltaic Panels
zzz52px-SP-W.png SP-W 3x2 Photovoltaic Panels
zzz52px-SP-L.png SP-L 1x6 Photovoltaic Panels
zzz38px-OX-STAT.png OX-STAT Photovoltaic Panels
zzz31px-OX-STAT-XL_Photovoltaic_Panels.png OX-STAT-XL Photovoltaic Panels
zzz46px-PB-NUK.png PB-NUK Radioisotope Thermoelectric Generator
zzz60px-FuelCell.png Fuel Cell
zzz34px-FuelCellArray.png Fuel Cell Array
zzz52px-Z-100.webp Z-100 Rechargeable Battery Pack
zzz60px-Z-200.webp Z-200 Rechargeable Battery Bank
zzz58px-Z-400.png Z-400 Rechargeable Battery
zzz60px-Z-1k.png Z-1k Rechargeable Battery Bank
zzz60px-Z-4K.png Z-4K Rechargeable Battery Bank
zzz22px-Communotron_16.png Communotron 16
zzz60px-Communotron_16-S.png Communotron 16-S
zzz60px-Comms_DTS-M1_02.png Communotron DTS-M1
zzz60px-Commutron_HG-55.png Communotron HG-55
zzz35px-Communotron_88-88.png Communotron 88-88
zzz59px-HG-5_High_Gain_Antenna_(+open).png HG-5 High Gain Antenna
zzz60px-RA-2_Relay_Antenna.png RA-2 Relay Antenna
zzz60px-RA-15_Relay_Antenna.png RA-15 Relay Antenna
zzz59px-RA-100_Relay_Antenna.png RA-100 Relay Antenna
zzz39px-M700_Survey_Scanner.png M700 Survey Scanner
zzz50px-N4435_Narrow-Brand_Scanner.png M4435 Narrow-Band Scanner
zzz41px-Surface_Scanning_Module.png Surface Scanning Module
zzz60px-Mk16_Parachute.png Mk16 Parachute
zzz60px-Mk16-XL_Parachute.png Mk16-XL Parachute
zzz34px-Mk2-R_Parachute.png Mk2-R Radial-Mount Parachute
zzz60px-Mk25_Parachute.png Mk25 Parachute
zzz37px-Mk12R_Radial-Mount_Drogue_Chute.png Mk12-R Radial-Mount Drogue Chute
zzz60px-PegasusME.png Pegasus I Mobility Enhancer
zzz36px-ME1.png Kelus Mobility Enhancer
zzz30px-ME2.png Kelus-LV Bay Mobility Enhancer
zzz16px-Launch_Escape_System.png Launch Escape System
zzz60px-PPD-10_Hitchhiker_Storage_Container.png PPD-10 Hitchhiker Storage Container
zzz60px-Mk1CrewCabin.png Mk1 Crew Cabin
zzz60px-Mk2_Crew_Cabin.png MK2 Crew Cabin
zzz51px-Mk3_Passenger_Module.png Mk3 Passenger Module
zzz47px-&#39;Drill-O-Matic_Junior&#39;_Mining_Excavator.png 'Drill-O-Matic Junior' Mining Excavator
zzz28px-DrillOMatic.png 'Drill-O-Matic' Mining Excavator
zzz42px-Convert-O-Tron_125.png Convert-O-Tron 125
zzz47px-ISRU_Converter.png Convert-O-Tron 250
